"Condition","Non_Obese","Obese","P_Value"
"Diabetes",0.0467580328605276,0.105551589855505,1.46835862944472e-05
"Cardiovascular Disease",0.0267047112588776,0.0308074012248914,0.584001069638293
"Stroke",0.00657359345170574,0.0261526262047303,0.000458410388452856
"Depression",0.218261060620464,0.261632196788313,0.0621385675981857
