"Condition","Non_Obese","Obese"
"Diabetes",0.0416952389202555,0.0950943284691263
"Cardio",0.0237343326540323,0.0551494879296112
"Depression",0.220081672788258,0.319165229146229
